,Protein,Polypeptide,Amino acid,Heteroploycondensate(HPC),Polysaccharides,Oligosaccharides,Humic acid,Monosaccharides,Inorganic carbon,Lipids,Pigments,Porphyrin,V-Phenol,S-Phenol,C-Phenol
0,0.04639311951669994,,,0.8459151919779113,0.04639311951669994,,,,,0.04639311951669994,0.009240905919993079,,0.0009240905919993079,0.0018481811839986158,0.002772271775997924
1,0.05404022747395026,,,0.8205367410173456,0.05404022747395026,,,,,0.05404022747395026,0.010764110350502287,,0.0010764110350502288,0.0021528220701004575,0.0032292331051506865
2,0.03255134076507794,,,0.8918518918674406,0.03255134076507794,,,,,0.03255134076507794,0.006483803648328532,,0.0006483803648328532,0.0012967607296657064,0.0019451410944985599
3,0.06097378796154128,,,0.7975263394642184,0.06097378796154128,,,,,0.06097378796154128,0.01214518540697367,,0.001214518540697367,0.002429037081394734,0.0036435556220921015
