,Teslin_Df,Pelly_Df,White+Donjec_Df,Stewart_Df,Porcupine_Df,Tanana_Df,Koyukuk_Df
0,0.0,0.2722612009516802,0.06490847029512327,0.1698351050516892,0.08791245561623272,0.17787648694208713,0.0654164486622514
1,0.0,0.29850291719709016,0.0597572570742487,0.17930987084905975,0.09350106972837922,0.1885627657460797,0.060613149088964514
2,0.0,0.2930285871843931,0.0672923719569037,0.16025959681663,0.0909644247710013,0.16312488795838373,0.05849188978429736
3,0.0,0.28835541247926866,0.06299052029053277,0.1715039724970234,0.08649983749417017,0.1811920063403479,0.0581263287845867
