,Protein / seconds,Polypeptide / seconds,Amino acid / seconds,Heteroploycondensate(HPC) / seconds,Polysaccharides / seconds,Oligosaccharides / seconds,Humic acid / seconds,Monosaccharides / seconds,Inorganic carbon/ seconds,Lipids / seconds,Pigments / seconds,Porphyrin / seconds,V-Phenol / seconds,S-Phenol / seconds,C-Phenol / seconds
0,8753327.217446705,2077852.7518242907,873842.947094862,845582290440.1376,25839968.46507602,7191732.494813752,26795712.23808449,25319069.905224834,2797927.136868454,1982594.4629358517,7874662.532655965,8352537.812657204,2520672.2812702893,2674226.5352325877,2589948.218782591
1,9199957.654293923,2013660.1388387713,855895.8662406361,916778682196.1,26559144.370639164,8191336.273905963,26207713.048597857,25972162.388639923,2570198.861148647,1880141.4186113826,9100505.360773753,9069832.520215588,2470614.2826340445,2610417.815385442,2598217.63817577
2,8485090.015983583,1958046.4096965732,812342.3290428751,782625791297.9645,27410464.58266068,8037329.131775736,24920281.384190798,24794696.732782993,2460986.1831715913,2111092.9648800897,8734566.033176959,8752480.602643464,2643479.8237743108,2376402.0464407867,2719753.022796315
3,8265131.670895825,1931616.7253582347,939333.282962281,873244746005.3651,23846991.807747424,7821205.058215605,25794328.39397198,27038277.168614723,2654499.4234997733,2006664.5646953324,8582000.547192503,8607486.950229581,2695042.847016164,2531099.358130834,2393351.4227442513
