,Teslin_V100 / ms-1,Teslin_V1 / ms-1,Pelly_V100 / ms-1,Pelly_V1 / ms-1,White+Donjec_V100 / ms-1,White+Donjec_V1 / ms-1,Stewart_V100 / ms-1,Stewart_V1 / ms-1,Porcupine_V100 / ms-1,Porcupine_V1 / ms-1,Tanana_V100 / ms-1,Tanana_V1 / ms-1,Koyukuk_V100 / ms-1,Koyukuk_V1 / ms-1,Yukon_V100 / ms-1,Yukon_V1 / ms-1,Yukon_V2 / ms-1,Yukon_V3 / ms-1,Yukon_V4 / ms-1,Yukon_V5 / ms-1,Yukon_V6 / ms-1,Yukon_V7 / ms-1,Yukon_V8 / ms-1
0,0.1,0.5816975226298654,0.1,0.7277538542969035,0.1,0.5101165279138989,0.1,0.5374575036621034,0.1,0.716917984911611,0.1,0.9921925450868211,0.1,0.6909794649527649,0.1,0.8539665636570893,0.8539665636570893,0.8539665636570893,0.8539665636570893,0.8539665636570893,0.8539665636570893,0.8539665636570893,0.8539665636570893
1,0.1,0.5424299420432259,0.1,0.7426574827678467,0.1,0.5368240601519186,0.1,0.5266601878284202,0.1,0.6818864607929315,0.1,0.8820749245763536,0.1,0.7067707682867622,0.1,0.7864596053837967,0.7864596053837967,0.7864596053837967,0.7864596053837967,0.7864596053837967,0.7864596053837967,0.7864596053837967,0.7864596053837967
2,0.1,0.5487318138628142,0.1,0.6781790434780406,0.1,0.49201734996018076,0.1,0.5523110714651674,0.1,0.7321837445634622,0.1,0.9207957377557363,0.1,0.7208662404941999,0.1,0.8717525563772085,0.8717525563772085,0.8717525563772085,0.8717525563772085,0.8717525563772085,0.8717525563772085,0.8717525563772085,0.8717525563772085
3,0.1,0.5628870667900093,0.1,0.7789477506730051,0.1,0.5271754018431967,0.1,0.5680597440959128,0.1,0.7435212501899637,0.1,0.8986014279971968,0.1,0.7599724409194544,0.1,0.9498212636501169,0.9498212636501169,0.9498212636501169,0.9498212636501169,0.9498212636501169,0.9498212636501169,0.9498212636501169,0.9498212636501169
