,no_of_the sample,total_timesteps,total_time / km,total_distance/km,Protein / micromolar,Polypeptide / micromolar,Amino acid / micromolar,Heteropolycondensate / micromolar,Polysaccharide / micromolar,Oligosaccharide / micromolar,Humic acid / micromolar,Monosaccharide / micromolar,Inorganic carbon / micromolar,Lipid / micromolar,Pigment / micromolar,Porpherin / micromolar,CDOM / micromolar,VPhenol / micromolar,SPhenol / micromolar,CPhenol / micromolar,Phenol / micromolar,DOC / micromolar
0,0,143,16.435185185185183,315.71539863329895,29.335132023710326,3.8951627731669327,0.43128766178925065,594.7493663933382,32.85250139620982,1.6927448928916713,0.0009579088435315099,0.12534294765305806,17.14494612196431,17.0662296688923,5.7994961066674255,1.0256988830663536,70.01969285581322,0.3997027598055447,0.8193733745794217,1.1628875758410357,2.3819637102260023,689.3558843664549
1,1,140,16.087962962962962,312.93751398241926,25.256489869706478,3.3459720640786026,0.40861183978360005,532.9920919020155,28.39713093656091,1.3891774556399061,0.0008290705453402623,0.09336199969496685,14.628763600351723,15.250206417755273,5.095910317551961,0.792722153708061,62.41048736268731,0.3527326768052215,0.690454896324372,1.068923682188851,2.1121112553184442,615.134615282359
2,2,142,16.319444444444443,316.5528838066666,19.525316685560245,2.416860590933485,0.30096606051273783,588.694983200994,21.752821951509425,1.1011333803383219,0.0009010361581403437,0.07417571709469596,11.821129327505236,10.88800383681276,3.885317171184229,0.6336680668909317,65.8695632532519,0.2756953942492793,0.5198398068715925,0.8061254853073601,1.601660686428232,650.8758083844172
3,3,145,16.666666666666664,313.48547587413833,35.64949635120737,4.23194589048879,0.5560005521038671,532.1820766681277,39.369748079801845,2.1770861011613616,0.000896714360719441,0.15592477400379337,20.699036451256426,19.925013477469328,7.011658730697624,1.2059410311282444,65.94068101550484,0.4597837436791567,0.959181052389453,1.4292896031600766,2.8482543992286864,645.3140427697792
