,no_of_the sample,total_timesteps,total_time / km,total_distance/km,Protein / micromolar,Polypeptide / micromolar,Amino acid / micromolar,Heteropolycondensate / micromolar,Polysaccharide / micromolar,Oligosaccharide / micromolar,Humic acid / micromolar,Monosaccharide / micromolar,Inorganic carbon / micromolar,Lipid / micromolar,Pigment / micromolar,Porpherin / micromolar,CDOM / micromolar,VPhenol / micromolar,SPhenol / micromolar,CPhenol / micromolar,Phenol / micromolar,DOC / micromolar
0,0,204,23.49537037037037,855.1021476854439,7.327161606553568,1.2637377652152233,0.17274651150765466,160.14490338478276,8.614755484125034,0.616995474560342,0.00036404669172189865,0.06609309989289604,5.034076611305545,3.3777461868049916,1.443903253959523,0.3659177587261043,18.723356975881686,0.08480909830753534,0.17570735540476753,0.2435122252647216,0.5040286789770245,183.89835325179683
1,1,202,23.26388888888889,858.646749364442,7.776769901115609,1.3450145971287923,0.20885690936233833,177.47499847181246,9.21308279852543,0.634848158241832,0.0003942526088079941,0.062360711931293625,5.42039474606548,3.749515375614962,1.578121504869894,0.35419712068018755,20.64052352599759,0.09270375512772323,0.1797300665195825,0.28219667276088,0.5546304944081857,202.95279029629978
2,2,208,23.958333333333332,853.9314202372324,5.549136019493527,0.8975150104777969,0.14124307009535186,180.8402009712318,6.502858149244879,0.4702629398482749,0.00040090083475344767,0.04701130346756828,3.9611813807162535,2.354213498002246,1.1037005934140651,0.26447590764757783,20.133081739050485,0.06669772925756527,0.12234121369500763,0.19269299315744712,0.38173193611002,198.55275029986785
3,3,211,24.305555555555554,857.2676053177696,9.751171374879343,1.495026000235091,0.24733148781292655,157.15007647124392,11.270013252862903,0.8839073417252675,0.0003804115471721302,0.09343446177554647,6.555519069852295,4.174475430176498,1.9068049029873895,0.47977032454556434,19.290481327707326,0.1030484952763621,0.2191714181061893,0.32560225498727624,0.6478221683698276,188.10021362816147
