,no_of_the sample,total_timesteps,total_time / km,total_distance/km,Protein / micromolar,Polypeptide / micromolar,Amino acid / micromolar,Heteropolycondensate / micromolar,Polysaccharide / micromolar,Oligosaccharide / micromolar,Humic acid / micromolar,Monosaccharide / micromolar,Inorganic carbon / micromolar,Lipid / micromolar,Pigment / micromolar,Porpherin / micromolar,CDOM / micromolar,VPhenol / micromolar,SPhenol / micromolar,CPhenol / micromolar,Phenol / micromolar,DOC / micromolar
0,0,391,45.138888888888886,2606.7431101693564,13.207199243946922,3.4754945895604537,0.6397302958480909,385.7243823449219,18.745770833227322,2.610040129087923,0.0018218495858356026,0.6500422982251358,9.240278048873028,2.602050109284004,2.570690310211881,1.4142414588497951,44.040431126054855,0.08350088265903728,0.1797035018414541,0.22873864006405312,0.49194302456454453,432.1334064873138
1,1,395,45.60185185185185,2612.873307506331,12.76419962216092,3.3507082129665804,0.7393025854973336,394.71742100035806,18.535111325129115,2.5434260880203023,0.0018567837094340173,0.5895197642879956,9.597465689023633,2.693995558370818,2.6481686460167224,1.2902833228122814,44.852731146866006,0.08436284026267432,0.158022090879151,0.2610002682069903,0.5033851993488156,440.3773781086784
2,2,410,47.33796296296296,2605.876634092224,9.418796455530531,2.2413267903091385,0.48078489761572063,410.52797860835983,13.338909889843043,1.91459902517693,0.001914987544138068,0.4485181536793301,6.558915333312498,1.5275096915177842,1.8701232827317735,0.9811565780557336,44.9597965780987,0.063435680311814,0.10575649946613971,0.17577512604675197,0.3449673058247057,443.0965856661886
3,3,379,43.75,2613.0248742798317,18.786819221608187,4.062495795297345,0.8995809359323232,390.5212367686789,25.2844691407856,3.710887151010707,0.001862071079728096,0.8615110626239176,12.009471479415254,3.4816338928802057,3.603798059436732,1.870448786959993,46.63357754364264,0.10527228410809622,0.23756899397328526,0.3496590195464878,0.6925002976278694,453.7772431839214
