,no_of_the sample,total_timesteps,total_time / km,total_distance/km,Protein / micromolar,Polypeptide / micromolar,Amino acid / micromolar,Heteropolycondensate / micromolar,Polysaccharide / micromolar,Oligosaccharide / micromolar,Humic acid / micromolar,Monosaccharide / micromolar,Inorganic carbon / micromolar,Lipid / micromolar,Pigment / micromolar,Porpherin / micromolar,CDOM / micromolar,VPhenol / micromolar,SPhenol / micromolar,CPhenol / micromolar,Phenol / micromolar,DOC / micromolar
0,0,147,16.89814814814815,368.32116615887554,15.792727093594785,2.142300094568587,0.2414676416312364,321.77129785747275,17.74282990688212,0.9382256959124252,0.0005323954915187626,0.07148969425081375,9.368769376762339,9.048568861088121,3.1215302554372046,0.567711590686849,37.86423882592653,0.21289272726262712,0.4367242913565262,0.6188511168224063,1.2684681354415597,372.70714922245793
1,1,152,17.47685185185185,370.8136580135964,15.549951351163617,2.193320450782947,0.28366434427891046,333.1701329728753,17.661389878966673,0.9338040094420277,0.0005616201009505416,0.06832742805982917,9.441551623153677,8.989114079148669,3.140944188123628,0.5305577303902854,38.95961601974605,0.21061559178475062,0.41150372879207736,0.6388069485996786,1.2609262691765064,383.78269432250937
2,2,148,17.01388888888889,368.7713892950449,10.574423175159046,1.3499203374553,0.17280856888860982,321.0885758084996,11.835066297370076,0.6230347821911587,0.0005117264475308222,0.043802313332836504,6.542293935979504,5.751925543443647,2.1041014203663515,0.3577930434970027,35.90989791917696,0.1471395442360432,0.27674545247264254,0.4297621455571853,0.853647142265871,354.755610158917
3,3,150,17.24537037037037,371.2907159670847,21.889735565867163,2.663544238565114,0.3579647190730089,328.68130967975713,24.25753132787959,1.3850437766605734,0.000572391236138885,0.10274295799938145,12.922622586388997,11.989829441449812,4.303453717759198,0.7660366976770666,40.69572168807484,0.2780907450544442,0.5809911554308629,0.8655446088363404,1.7246265093216475,398.12239102324577
