,no_of_the sample,total_timesteps,total_time / km,total_distance/km,Protein / micromolar,Polypeptide / micromolar,Amino acid / micromolar,Heteropolycondensate / micromolar,Polysaccharide / micromolar,Oligosaccharide / micromolar,Humic acid / micromolar,Monosaccharide / micromolar,Inorganic carbon / micromolar,Lipid / micromolar,Pigment / micromolar,Porpherin / micromolar,CDOM / micromolar,VPhenol / micromolar,SPhenol / micromolar,CPhenol / micromolar,Phenol / micromolar,DOC / micromolar
0,0,202,23.26388888888889,778.8030235433404,19.46183286109985,3.3338355942608486,0.45332145392802004,424.319872013367,22.84537239406204,1.621567775382544,0.0009554715854796682,0.17192922681522774,13.324333005965004,9.040415001588784,3.8355880886554456,0.9623749472112691,49.62033287464042,0.22647127044510884,0.4690398058492394,0.650547564090539,1.346058640384887,487.3931234683414
1,1,198,22.800925925925924,781.3179730733423,19.866639352619316,3.389467060646535,0.5200323288809681,451.10050670541904,23.456615141806314,1.5868383990056427,0.0009829402676721718,0.1526735558034123,13.732748522862286,9.718634623684412,4.029997681698155,0.8866301426634441,52.485734855516164,0.23925419296150346,0.4641429455711439,0.728095059499865,1.4314921980325124,516.1405101305273
2,2,190,21.875,777.8349102821177,14.37412380070419,2.1899980523981886,0.32745193060395705,458.617804353448,16.61387049546668,1.1051376992380455,0.000931693544277287,0.10059199251310444,9.944091180266117,6.570261943555701,2.8593183406712326,0.6254517598658703,51.126313801982675,0.18052741845829157,0.33363508378044915,0.523264425125991,1.0374269273647316,504.422368989374
3,3,194,22.337962962962962,777.6418027324283,24.515079354745296,3.561993703968272,0.5619138338531435,387.3903726374867,28.003457525725626,2.032984855975076,0.0008651404371392722,0.1969238415833629,16.072250073152276,11.241020072232288,4.800995781588031,1.1092890580548984,47.66444573286267,0.2727108550927041,0.5771414504515109,0.8580740398998292,1.707926345444044,465.12282215109394
