,no_of_the sample,total_timesteps,total_time / km,total_distance/km,Protein / micromolar,Polypeptide / micromolar,Amino acid / micromolar,Heteropolycondensate / micromolar,Polysaccharide / micromolar,Oligosaccharide / micromolar,Humic acid / micromolar,Monosaccharide / micromolar,Inorganic carbon / micromolar,Lipid / micromolar,Pigment / micromolar,Porpherin / micromolar,CDOM / micromolar,VPhenol / micromolar,SPhenol / micromolar,CPhenol / micromolar,Phenol / micromolar,DOC / micromolar
0,0,151,17.36111111111111,469.30879178089947,27.202465446441114,3.767019882793717,0.43192491417086415,556.9830791384129,30.65909909385368,1.6625686883096442,0.0009460200618871771,0.13026047076208,16.367673763317367,15.349854349966524,5.375599308187978,1.004596331756771,65.51196464510558,0.3627993976772589,0.7447575306654106,1.0536992737041104,2.16125620204678,644.7286698467639
1,1,153,17.59259259259259,468.66471518861783,26.153226182663097,3.7071477953458962,0.4816076422211355,561.0623972187167,29.72947983035718,1.5816137747508097,0.0009518456925763886,0.11651583876659609,15.937378496956917,15.063881400013846,5.283195170849504,0.8982970612454243,65.60110152392798,0.3533275367060346,0.6902295445807869,1.071736711728548,2.1152937930153692,646.1936075536383
2,2,154,17.708333333333332,470.0656823009406,19.97783442194646,2.62599586441245,0.3450281721717528,610.9298856595391,22.462542315056524,1.2277065927698598,0.0010121439573355841,0.08993067349607109,12.61002415630694,10.600134337898423,3.975026101931987,0.7035759097862234,68.293135636478,0.27394439893999534,0.5139543864125554,0.7992576286208841,1.5871564139734349,674.5258286069399
3,3,150,17.24537037037037,472.09517731600107,37.438939324630034,4.555572214933549,0.6122421788699068,562.157526901713,41.48868042818768,2.3688988731873435,0.0009789849080301,0.17572562075943354,22.102107239765786,20.506711724332327,7.36037866427089,1.3101849201637699,69.60361172327877,0.47563034736103016,0.9936937132415776,1.4803775036695221,2.9497015642721296,680.9255414002282
