,no_of_the sample,total_timesteps,total_time / km,total_distance/km,Protein / micromolar,Polypeptide / micromolar,Amino acid / micromolar,Heteropolycondensate / micromolar,Polysaccharide / micromolar,Oligosaccharide / micromolar,Humic acid / micromolar,Monosaccharide / micromolar,Inorganic carbon / micromolar,Lipid / micromolar,Pigment / micromolar,Porpherin / micromolar,CDOM / micromolar,VPhenol / micromolar,SPhenol / micromolar,CPhenol / micromolar,Phenol / micromolar,DOC / micromolar
0,0,190,21.875,580.488769702355,26.13033403474198,4.287880634896145,0.5638207753795867,561.3650529770779,30.381091662473263,2.0388985893291984,0.0011915720289028345,0.20281878907712586,17.480375769471994,12.706616159378541,5.153100023586143,1.215201508730666,65.73401635086543,0.31398619508885295,0.648935706450249,0.9042784541173837,1.8672003556564856,645.9132070823559
1,1,188,21.64351851851852,580.4374002839711,24.48869311792513,4.030919788470688,0.5991085315384307,549.0851704012827,28.671113957868933,1.848927845813996,0.0011379843967650577,0.16858420494330043,16.550541531984997,12.422495538082154,4.962996814633652,1.0368464179688304,63.954670063990626,0.3025474103181642,0.5878379307824961,0.9200403542549637,1.8104256953556241,629.1264202982802
2,2,186,21.412037037037035,582.8470264672833,19.93986953479553,2.9945480086287937,0.4422161867127582,633.2077670453255,22.976335216898786,1.4984850970890358,0.0012601792673927693,0.13342451553753232,13.682886552562374,9.266577353761324,3.9665753918419817,0.8492505530666916,70.61059330007346,0.25288509876916304,0.4681421413811928,0.7335294178880879,1.454556658038444,696.7308657409638
3,3,197,22.685185185185183,581.7976568424723,35.21057642188624,5.167333504785308,0.8224236517778248,558.3379852157453,40.304134235405876,2.9677194169694867,0.0012654351118953871,0.29208759821012675,23.198897575358362,15.950779577949515,6.8937686673444185,1.6178227429044825,68.66919889266661,0.3881590718719158,0.8221880987206025,1.2222325829061298,2.432579753498648,669.9984762215893
