,no_of_the sample,total_timesteps,total_time / km,total_distance/km,Protein / micromolar,Polypeptide / micromolar,Amino acid / micromolar,Heteropolycondensate / micromolar,Polysaccharide / micromolar,Oligosaccharide / micromolar,Humic acid / micromolar,Monosaccharide / micromolar,Inorganic carbon / micromolar,Lipid / micromolar,Pigment / micromolar,Porpherin / micromolar,CDOM / micromolar,VPhenol / micromolar,SPhenol / micromolar,CPhenol / micromolar,Phenol / micromolar,DOC / micromolar
0,0,186,21.412037037037035,876.5314081170878,11.662154141707918,1.8849105254616354,0.24490558079093713,249.31111958302102,13.516113421604304,0.8895115341146336,0.0005184286241179585,0.08654602735753199,7.734968550784879,5.7582497885149175,2.3003514030126664,0.5309061064011941,29.206595264761983,0.1416412577908221,0.2925358317819021,0.4082786161097896,0.8424557056825138,287.02774224629337
1,1,188,21.64351851851852,881.2597638804052,11.853472894427737,1.9511207977560707,0.28999165881224814,265.7784207896218,13.877926050038354,0.8949524582047512,0.0005508283817507034,0.08160126365670978,8.011101061733859,6.012967430835389,2.40228206275042,0.5018736954191269,30.956529383786517,0.1464446269229708,0.2845362529267217,0.4453350510958152,0.8763159309455077,304.5214758608498
2,2,192,22.10648148148148,878.6560873930731,8.842731166698057,1.3567672171702287,0.20409974966741867,282.79947356358366,10.236261181187801,0.6875441077559925,0.0005803573215165949,0.0632637844436849,6.1413219639702445,4.0085735409101835,1.7589820800855862,0.3888434977591258,31.521534680716712,0.11051688733399721,0.2040770687311607,0.32022007376462314,0.6348140298297811,310.9819342764129
3,3,183,21.064814814814813,876.3529016906191,17.677742672300994,2.4712735871514537,0.3766391681590638,275.808139297132,20.040663397036223,1.3783518972905453,0.0005822900191948324,0.1256591756304492,11.357176692089448,8.474210450999722,3.4653290465092303,0.7546479941208453,33.987677606294916,0.2032895966485442,0.4288404880715515,0.6379073962542687,1.2700374809743644,331.84327645732407
